"","case_number","to_pay","paid","balance"
"1","20-001609-co"," 215.00"," 215.00","0"
"2","20-001612-co"," 212.40"," 212.40","0"
"3","20-001613-co"," 334.43"," 334.43","0"
"4","20-001614-co"," 195.00"," 195.00","0"
"5","20-001616-co"," 195.00"," 195.00","0"
"6","20-001617-co"," 205.00"," 205.00","0"
"7","20-001623-co"," 195.00"," 195.00","0"
"8","20-001624-co"," 195.00"," 195.00","0"
"9","20-001627-co"," 314.70"," 314.70","0"
"10","20-001633-co"," 195.00"," 195.00","0"
"11","20-001634-co"," 195.00"," 195.00","0"
"12","20-001635-co"," 205.00"," 205.00","0"
"13","20-001636-co"," 195.00"," 195.00","0"
"14","20-001637-co"," 195.00"," 195.00","0"
"15","20-001638-co"," 195.00"," 195.00","0"
"16","20-001639-co"," 195.00"," 195.00","0"
"17","20-001603-co"," 205.00"," 205.00","0"
"18","20-001605-co"," 205.00"," 205.00","0"
"19","20-001572-co"," 205.00"," 205.00","0"
"20","20-001573-co"," 195.00"," 195.00","0"
"21","20-001574-co"," 205.00"," 205.00","0"
"22","20-001575-co"," 205.00"," 205.00","0"
"23","20-001576-co"," 195.00"," 195.00","0"
"24","20-001577-co"," 195.00"," 195.00","0"
"25","20-001578-co"," 195.00"," 195.00","0"
"26","20-001579-co"," 195.00"," 195.00","0"
"27","20-001580-co"," 195.00"," 195.00","0"
"28","20-001583-co"," 195.00"," 195.00","0"
"29","20-001587-co"," 195.69"," 195.69","0"
"30","20-001594-co"," 205.00"," 205.00","0"
"31","20-001596-co"," 195.00"," 195.00","0"
"32","20-001597-co"," 195.00"," 195.00","0"
"33","20-001599-co"," 195.00"," 195.00","0"
"34","20-001550-co"," 205.00"," 205.00","0"
"35","20-001551-co"," 213.96"," 213.96","0"
"36","20-001553-co"," 195.00"," 195.00","0"
"37","20-001556-co"," 195.00"," 195.00","0"
"38","20-001557-co"," 195.00"," 195.00","0"
"39","20-001558-co"," 195.00"," 195.00","0"
"40","20-001560-co"," 215.00"," 215.00","0"
"41","20-001561-co"," 195.00"," 195.00","0"
"42","20-001562-co"," 1.65"," 1.65","0"
"43","20-001563-co"," 195.00"," 195.00","0"
"44","20-001564-co"," 205.00"," 205.00","0"
"45","20-001566-co"," 195.00"," 195.00","0"
"46","20-001567-co"," 195.00"," 195.00","0"
"47","20-001569-co"," 0.00"," 0.00","0"
"48","20-001505-co"," 0.00"," 0.00","0"
"49","20-001506-co"," 195.00"," 195.00","0"
"50","20-001507-co"," 195.00"," 195.00","0"
"51","20-001509-co"," 314.19"," 314.19","0"
"52","20-001514-co"," 205.00"," 205.00","0"
"53","20-001515-co"," 205.00"," 205.00","0"
"54","20-001517-co"," 195.00"," 195.00","0"
"55","20-001518-co"," 195.00"," 195.00","0"
"56","20-001519-co"," 195.00"," 195.00","0"
"57","20-001520-co"," 195.00"," 195.00","0"
"58","20-001521-co"," 195.30"," 195.30","0"
"59","20-001523-co"," 205.00"," 205.00","0"
"60","20-001524-co"," 205.00"," 205.00","0"
"61","20-001525-co"," 318.46"," 318.46","0"
"62","20-001527-co"," 195.00"," 195.00","0"
"63","20-001528-co"," 208.50"," 208.50","0"
"64","20-001530-co"," 195.00"," 195.00","0"
"65","20-001531-co"," 205.00"," 205.00","0"
"66","20-001535-co"," 205.00"," 205.00","0"
"67","20-001536-co"," 320.00"," 310.00","10"
"68","20-001537-co"," 195.00"," 195.00","0"
"69","20-001538-co"," 215.00"," 215.00","0"
"70","20-001539-co"," 310.00"," 310.00","0"
"71","20-001540-co"," 205.00"," 205.00","0"
"72","20-001541-co"," 195.00"," 195.00","0"
"73","20-001542-co"," 195.00"," 195.00","0"
"74","20-001543-co"," 195.00"," 195.00","0"
"75","20-000986-ci"," 395.00"," 395.00","0"
"76","20-001549-co"," 320.00"," 320.00","0"
"77","20-001498-co"," 239.76"," 239.76","0"
"78","20-001461-co"," 195.00"," 195.00","0"
"79","20-001468-co"," 195.69"," 195.69","0"
"80","20-001469-co"," 316.35"," 316.35","0"
"81","20-001470-co"," 199.19"," 199.19","0"
"82","20-001472-co"," 195.00"," 195.00","0"
"83","20-001473-co"," 195.00"," 195.00","0"
"84","20-001475-co"," 195.00"," 195.00","0"
"85","20-001476-co"," 195.00"," 195.00","0"
"86","20-001478-co"," 195.00"," 195.00","0"
"87","20-001480-co"," 198.50"," 198.50","0"
"88","20-001482-co"," 310.00"," 310.00","0"
"89","20-001484-co"," 1.59"," 1.59","0"
"90","20-001485-co"," 195.00"," 195.00","0"
"91","20-001486-co"," 195.00"," 195.00","0"
"92","20-001487-co"," 205.00"," 205.00","0"
"93","20-001488-co"," 320.00"," 320.00","0"
"94","20-001489-co"," 195.00"," 195.00","0"
"95","20-001490-co"," 195.00"," 195.00","0"
"96","20-001492-co"," 195.00"," 195.00","0"
"97","20-001508-co"," 320.00"," 320.00","0"
"98","20-001494-co"," 205.00"," 205.00","0"
"99","20-001495-co"," 205.00"," 205.00","0"
"100","20-001496-co"," 205.00"," 205.00","0"
"101","20-001453-co"," 195.00"," 195.00","0"
"102","20-001454-co"," 195.00"," 195.00","0"
"103","20-001449-co"," 195.00"," 195.00","0"
"104","20-001451-co"," 195.00"," 195.00","0"
"105","20-001456-co"," 195.00"," 195.00","0"
"106","20-001457-co"," 310.00"," 310.00","0"
"107","20-001460-co"," 235.00"," 235.00","0"
"108","20-001474-co"," 215.00"," 215.00","0"
"109","20-001493-co"," 195.00"," 195.00","0"
"110","20-000955-ci"," 444.15"," 444.15","0"
"111","20-001413-co"," 205.00"," 205.00","0"
"112","20-001415-co"," 205.00"," 205.00","0"
"113","20-001416-co"," 315.57"," 315.57","0"
"114","20-001417-co"," 205.00"," 205.00","0"
"115","20-001418-co"," 215.67"," 215.67","0"
"116","20-001419-co"," 195.00"," 195.00","0"
"117","20-001420-co"," 201.38"," 201.38","0"
"118","20-001421-co"," 195.00"," 195.00","0"
"119","20-001422-co"," 205.00"," 205.00","0"
"120","20-001425-co"," 340.00"," 340.00","0"
"121","20-001426-co"," 196.80"," 196.80","0"
"122","20-001427-co"," 205.00"," 205.00","0"
"123","20-001428-co"," 195.00"," 195.00","0"
"124","20-001430-co"," 0.30"," 0.30","0"
"125","20-001431-co"," 195.00"," 195.00","0"
"126","20-001432-co"," 196.15"," 196.15","0"
"127","20-001433-co"," 195.00"," 195.00","0"
"128","20-001434-co"," 205.00"," 205.00","0"
"129","20-001435-co"," 195.00"," 195.00","0"
"130","20-001436-co"," 195.00"," 195.00","0"
"131","20-001437-co"," 195.00"," 195.00","0"
"132","20-001438-co"," 215.00"," 215.00","0"
"133","20-001439-co"," 211.95"," 211.95","0"
"134","20-001440-co"," 205.00"," 205.00","0"
"135","20-001441-co"," 7.88"," 7.88","0"
"136","20-001443-co"," 195.00"," 195.00","0"
"137","20-001444-co"," 195.00"," 195.00","0"
"138","20-001445-co"," 195.00"," 195.00","0"
"139","20-001446-co"," 195.00"," 195.00","0"
"140","20-001447-co"," 320.00"," 320.00","0"
"141","20-001414-co"," 215.00"," 215.00","0"
"142","20-001368-co"," 0.69"," 0.69","0"
"143","20-001369-co"," 195.00"," 195.00","0"
"144","20-001370-co"," 195.00"," 195.00","0"
"145","20-001371-co"," 195.00"," 195.00","0"
"146","20-001372-co"," 195.00"," 195.00","0"
"147","20-001378-co"," 195.00"," 195.00","0"
"148","20-001379-co"," 215.00"," 215.00","0"
"149","20-001380-co"," 205.00"," 205.00","0"
"150","20-001381-co"," 195.00"," 195.00","0"
"151","20-001383-co"," 195.00"," 195.00","0"
"152","20-001383-co"," 195.00"," 195.00","0"
"153","20-001385-co"," 195.00"," 195.00","0"
"154","20-001386-co"," 205.00"," 205.00","0"
"155","20-001387-co"," 205.00"," 205.00","0"
"156","20-001388-co"," 195.00"," 195.00","0"
"157","20-001389-co"," 195.00"," 195.00","0"
"158","20-001390-co"," 205.00"," 205.00","0"
"159","20-001391-co"," 195.00"," 195.00","0"
"160","20-001392-co"," 215.00"," 215.00","0"
"161","20-001393-co"," 195.00"," 195.00","0"
"162","20-001394-co"," 220.72"," 220.72","0"
"163","20-001395-co"," 195.00"," 195.00","0"
"164","20-001396-co"," 195.00"," 195.00","0"
"165","20-001397-co"," 205.00"," 205.00","0"
"166","20-001398-co"," 195.00"," 195.00","0"
"167","20-001399-co"," 195.00"," 195.00","0"
"168","20-000879-ci"," 410.60"," 410.60","0"
"169","20-001400-co"," 195.00"," 195.00","0"
"170","20-001401-co"," 195.00"," 195.00","0"
"171","20-001402-co"," 205.00"," 205.00","0"
"172","20-001403-co"," 215.00"," 215.00","0"
"173","20-001404-co"," 205.00"," 205.00","0"
"174","20-001405-co"," 195.00"," 195.00","0"
"175","20-001406-co"," 195.00"," 195.00","0"
"176","20-001407-co"," 195.00"," 195.00","0"
"177","20-001408-co"," 195.00"," 195.00","0"
"178","20-001409-co"," 205.00"," 205.00","0"
"179","20-001410-co"," 195.00"," 195.00","0"
"180","20-001411-co"," 205.00"," 205.00","0"
"181","20-001412-co"," 215.00"," 215.00","0"
"182","20-001297-co"," 207.76"," 207.76","0"
"183","20-001308-co"," 195.00"," 195.00","0"
"184","20-001309-co"," 310.00"," 310.00","0"
"185","20-001310-co"," 212.35"," 212.35","0"
"186","20-001311-co"," 195.00"," 195.00","0"
"187","20-001312-co"," 195.00"," 195.00","0"
"188","20-001313-co"," 205.00"," 205.00","0"
"189","20-001314-co"," 195.00"," 195.00","0"
"190","20-001315-co"," 195.00"," 195.00","0"
"191","20-001316-co"," 205.00"," 205.00","0"
"192","20-001317-co"," 205.00"," 205.00","0"
"193","20-001318-co"," 195.00"," 195.00","0"
"194","20-001319-co"," 205.00"," 205.00","0"
"195","20-001320-co"," 195.69"," 195.69","0"
"196","20-001321-co"," 195.69"," 195.69","0"
"197","20-001322-co"," 225.00"," 225.00","0"
"198","20-001323-co"," 320.00"," 320.00","0"
"199","20-001324-co"," 312.49"," 312.49","0"
"200","20-001326-co"," 195.00"," 195.00","0"
"201","20-001327-co"," 205.00"," 205.00","0"
"202","20-001328-co"," 205.00"," 205.00","0"
"203","20-001329-co"," 0.45"," 0.45","0"
"204","20-001330-co"," 205.00"," 205.00","0"
"205","20-001332-co"," 195.00"," 195.00","0"
"206","20-001334-co"," 320.00"," 320.00","0"
"207","20-001337-co"," 195.00"," 195.00","0"
"208","20-001338-co"," 195.00"," 195.00","0"
"209","20-001340-co"," 195.00"," 195.00","0"
"210","20-001350-co"," 205.00"," 205.00","0"
"211","20-001354-co"," 215.00"," 215.00","0"
"212","20-001355-co"," 195.00"," 195.00","0"
"213","20-001255-co"," 0.69"," 0.69","0"
"214","20-001259-co"," 205.00"," 205.00","0"
"215","20-001260-co"," 199.79"," 199.79","0"
"216","20-001261-co"," 324.89"," 324.89","0"
"217","20-001263-co"," 195.00"," 195.00","0"
"218","20-001264-co"," 205.00"," 205.00","0"
"219","20-001265-co"," 195.00"," 195.00","0"
"220","20-001266-co"," 195.00"," 195.00","0"
"221","20-001267-co"," 205.00"," 205.00","0"
"222","20-001268-co"," 195.00"," 195.00","0"
"223","20-001269-co"," 195.00"," 195.00","0"
"224","20-001272-co"," 205.00"," 205.00","0"
"225","20-001276-co"," 205.00"," 205.00","0"
"226","20-001278-co"," 195.00"," 195.00","0"
"227","20-001281-co"," 215.00"," 215.00","0"
"228","20-001286-co"," 205.00"," 205.00","0"
"229","20-001288-co"," 195.00"," 195.00","0"
"230","20-001289-co"," 195.00"," 195.00","0"
"231","20-001293-co"," 215.00"," 215.00","0"
"232","20-001294-co"," 205.00"," 205.00","0"
"233","20-001295-co"," 195.00"," 195.00","0"
"234","20-001230-co"," 340.00"," 340.00","0"
"235","20-001238-co"," 195.00"," 195.00","0"
"236","20-001239-co"," 195.00"," 195.00","0"
"237","20-001240-co"," 195.00"," 195.00","0"
"238","20-001241-co"," 3.80"," 3.80","0"
"239","20-001242-co"," 198.50"," 198.50","0"
"240","20-001243-co"," 0.99"," 0.99","0"
"241","20-001244-co"," 195.00"," 195.00","0"
"242","20-001245-co"," 195.00"," 195.00","0"
"243","20-001246-co"," 195.00"," 195.00","0"
"244","20-001247-co"," 316.59"," 316.59","0"
"245","20-001248-co"," 195.00"," 195.00","0"
"246","20-001249-co"," 195.00"," 195.00","0"
"247","20-001250-co"," 195.00"," 195.00","0"
"248","20-001251-co"," 195.00"," 195.00","0"
"249","20-001231-co"," 310.00"," 310.00","0"
"250","20-001232-co"," 310.00"," 310.00","0"
"251","20-001199-co"," 195.00"," 195.00","0"
"252","20-001205-co"," 0.60"," 0.60","0"
"253","20-001210-co"," 195.00"," 195.00","0"
"254","20-001212-co"," 4.29"," 4.29","0"
"255","20-001213-co"," 205.00"," 205.00","0"
"256","20-001215-co"," 205.00"," 205.00","0"
"257","20-001216-co"," 195.00"," 195.00","0"
"258","20-001219-co"," 195.00"," 195.00","0"
"259","20-001220-co"," 195.00"," 195.00","0"
"260","20-001221-co"," 320.00"," 320.00","0"
"261","20-001226-co"," 195.00"," 195.00","0"
"262","20-001227-co"," 185.00"," 185.00","0"
"263","20-001228-co"," 195.00"," 195.00","0"
"264","20-001229-co"," 195.00"," 195.00","0"
"265","20-001160-co"," 205.00"," 205.00","0"
"266","20-001161-co"," 195.00"," 195.00","0"
"267","20-001162-co"," 206.38"," 206.38","0"
"268","20-001164-co"," 195.00"," 195.00","0"
"269","20-001165-co"," 195.00"," 195.00","0"
"270","20-001166-co"," 205.00"," 205.00","0"
"271","20-001167-co"," 185.00"," 185.00","0"
"272","20-001169-co"," 0.99"," 0.99","0"
"273","20-001171-co"," 195.00"," 195.00","0"
"274","20-001178-co"," 205.00"," 205.00","0"
"275","20-001179-co"," 195.00"," 195.00","0"
"276","20-001609-co"," 215.00"," 215.00","0"
"277","20-001181-co"," 215.00"," 215.00","0"
"278","20-001182-co"," 205.00"," 205.00","0"
"279","20-001183-co"," 195.00"," 195.00","0"
"280","20-001184-co"," 195.00"," 195.00","0"
"281","20-001185-co"," 314.19"," 314.19","0"
"282","20-001187-co"," 195.00"," 195.00","0"
"283","20-001190-co"," 195.00"," 195.00","0"
"284","20-001192-co"," 215.00"," 215.00","0"
"285","20-001193-co"," 195.00"," 195.00","0"
"286","20-001194-co"," 195.00"," 195.00","0"
"287","20-001195-co"," 195.00"," 195.00","0"
"288","20-001196-co"," 195.00"," 195.00","0"
"289","20-001211-co"," 310.00"," 310.00","0"
"290","20-001163-co"," 320.00"," 320.00","0"
"291","20-001106-co"," 195.00"," 195.00","0"
"292","20-001114-co"," 195.00"," 195.00","0"
"293","20-001117-co"," 0.60"," 0.60","0"
"294","20-001120-co"," 195.00"," 195.00","0"
"295","20-001135-co"," 195.00"," 195.00","0"
"296","20-001136-co"," 195.00"," 195.00","0"
"297","20-001137-co"," 195.00"," 195.00","0"
"298","20-001138-co"," 205.00"," 205.00","0"
"299","20-001139-co"," 195.00"," 195.00","0"
"300","20-001140-co"," 195.00"," 195.00","0"
"301","20-001141-co"," 0.15"," 0.15","0"
"302","20-001144-co"," 195.00"," 195.00","0"
"303","20-001147-co"," 195.00"," 195.00","0"
"304","20-001148-co"," 205.00"," 205.00","0"
"305","20-001149-co"," 195.00"," 195.00","0"
"306","20-001150-co"," 205.00"," 205.00","0"
"307","20-001151-co"," 198.50"," 198.50","0"
"308","20-001152-co"," 195.00"," 195.00","0"
"309","20-001153-co"," 330.00"," 330.00","0"
"310","20-001154-co"," 195.00"," 195.00","0"
"311","20-001155-co"," 205.00"," 205.00","0"
"312","20-001116-co"," 205.00"," 205.00","0"
"313","20-001111-co"," 195.00"," 195.00","0"
"314","20-001077-co"," 206.38"," 206.38","0"
"315","20-001078-co"," 195.00"," 195.00","0"
"316","20-001079-co"," 195.00"," 195.00","0"
"317","20-001081-co"," 340.00"," 340.00","0"
"318","20-001083-co"," 195.00"," 195.00","0"
"319","20-001084-co"," 195.00"," 195.00","0"
"320","20-001085-co"," 195.00"," 195.00","0"
"321","20-001086-co"," 195.00"," 195.00","0"
"322","20-001087-co"," 205.00"," 205.00","0"
"323","20-001089-co"," 195.00"," 195.00","0"
"324","20-001091-co"," 205.00"," 205.00","0"
"325","20-001092-co"," 212.69"," 212.69","0"
"326","20-001094-co"," 205.00"," 205.00","0"
"327","20-001095-co"," 195.00"," 195.00","0"
"328","20-001096-co"," 195.00"," 195.00","0"
"329","20-001097-co"," 195.00"," 195.00","0"
"330","20-001098-co"," 205.00"," 205.00","0"
"331","20-001099-co"," 205.00"," 205.00","0"
"332","20-001100-co"," 205.00"," 205.00","0"
"333","20-001101-co"," 195.00"," 195.00","0"
"334","20-001102-co"," 195.00"," 195.00","0"
"335","20-001103-co"," 205.00"," 205.00","0"
"336","20-001104-co"," 195.00"," 195.00","0"
"337","20-001105-co"," 195.00"," 195.00","0"
"338","20-001168-co"," 215.00"," 215.00","0"
"339","20-001050-co"," 215.76"," 215.76","0"
"340","20-001051-co"," 195.00"," 195.00","0"
"341","20-001052-co"," 205.00"," 205.00","0"
"342","20-001053-co"," 195.00"," 195.00","0"
"343","20-001054-co"," 195.00"," 195.00","0"
"344","20-001055-co"," 205.00"," 205.00","0"
"345","20-001056-co"," 205.00"," 205.00","0"
"346","20-001058-co"," 195.00"," 195.00","0"
"347","20-001059-co"," 205.00"," 205.00","0"
"348","20-001067-co"," 310.00"," 310.00","0"
"349","20-001070-co"," 205.00"," 205.00","0"
"350","20-001072-co"," 310.00"," 310.00","0"
"351","20-001073-co"," 195.00"," 195.00","0"
"352","20-001074-co"," 195.00"," 195.00","0"
"353","20-001075-co"," 205.00"," 205.00","0"
"354","20-001076-co"," 195.00"," 195.00","0"
"355","20-001048-co"," 316.29"," 316.29","0"
"356","20-001039-co"," 195.00"," 195.00","0"
"357","20-001041-co"," 198.50"," 198.50","0"
"358","20-001045-co"," 195.00"," 195.00","0"
"359","20-001046-co"," 198.50"," 198.50","0"
"360","20-001047-co"," 195.00"," 195.00","0"
"361","20-001049-co"," 195.00"," 195.00","0"
"362","20-001004-co"," 206.48"," 206.48","0"
"363","20-001005-co"," 320.00"," 320.00","0"
"364","20-001007-co"," 310.00"," 310.00","0"
"365","20-001008-co"," 197.79"," 197.79","0"
"366","20-001009-co"," 1.50"," 1.50","0"
"367","20-001011-co"," 195.00"," 195.00","0"
"368","20-001017-co"," 420.00"," 420.00","0"
"369","20-001020-co"," 0.69"," 0.69","0"
"370","20-001021-co"," 195.00"," 195.00","0"
"371","20-001028-co"," 199.94"," 199.94","0"
"372","20-001031-co"," 195.00"," 195.00","0"
"373","20-001032-co"," 195.00"," 195.00","0"
"374","20-001033-co"," 195.00"," 195.00","0"
"375","20-000981-co"," 317.88"," 317.88","0"
"376","20-000983-co"," 195.00"," 195.00","0"
"377","20-000984-co"," 195.00"," 195.00","0"
"378","20-000985-co"," 195.00"," 195.00","0"
"379","20-000986-co"," 195.00"," 195.00","0"
"380","20-000987-co"," 195.00"," 195.00","0"
"381","20-000994-co"," 195.00"," 195.00","0"
"382","20-000995-co"," 195.00"," 195.00","0"
"383","20-000977-co"," 205.00"," 205.00","0"
"384","20-000997-co"," 198.50"," 198.50","0"
"385","20-000998-co"," 205.00"," 205.00","0"
"386","20-000999-co"," 195.00"," 195.00","0"
"387","20-001001-co"," 195.00"," 195.00","0"
"388","20-001003-co"," 195.00"," 195.00","0"
"389","20-000978-co"," 195.00"," 195.00","0"
"390","20-000996-co"," 320.00"," 320.00","0"
"391","20-000950-co"," 1.80"," 1.80","0"
"392","20-000953-co"," 195.00"," 195.00","0"
"393","20-000955-co"," 199.88"," 199.88","0"
"394","20-000956-co"," 0.15"," 0.15","0"
"395","20-000959-co"," 202.82"," 202.82","0"
"396","20-000960-co"," 195.00"," 195.00","0"
"397","20-000961-co"," 215.00"," 215.00","0"
"398","20-000963-co"," 218.50"," 218.50","0"
"399","20-000968-co"," 1.50"," 1.50","0"
"400","20-000969-co"," 205.00"," 205.00","0"
"401","20-000970-co"," 208.58"," 208.58","0"
"402","20-000971-co"," 195.00"," 195.00","0"
"403","20-000973-co"," 195.00"," 195.00","0"
"404","20-000974-co"," 195.00"," 195.00","0"
"405","20-000975-co"," 195.00"," 195.00","0"
"406","20-000976-co"," 195.00"," 195.00","0"
"407","20-000927-co"," 310.69"," 310.69","0"
"408","20-000928-co"," 195.00"," 195.00","0"
"409","20-000929-co"," 195.00"," 195.00","0"
"410","20-000930-co"," 195.00"," 195.00","0"
"411","20-000931-co"," 195.00"," 195.00","0"
"412","20-000932-co"," 205.00"," 205.00","0"
"413","20-000933-co"," 205.00"," 205.00","0"
"414","20-000934-co"," 208.45"," 208.45","0"
"415","20-000935-co"," 320.00"," 320.00","0"
"416","20-000938-co"," 195.00"," 195.00","0"
"417","20-000939-co"," 195.00"," 195.00","0"
"418","20-000940-co"," 195.00"," 195.00","0"
"419","20-000942-co"," 195.00"," 195.00","0"
"420","20-000943-co"," 0.60"," 0.60","0"
"421","20-000945-co"," 1.14"," 1.14","0"
"422","20-000946-co"," 205.00"," 205.00","0"
"423","20-000947-co"," 195.00"," 195.00","0"
"424","20-000948-co"," 205.00"," 205.00","0"
"425","20-000949-co"," 225.00"," 225.00","0"
"426","20-000883-co"," 195.00"," 195.00","0"
"427","20-000888-co"," 205.00"," 205.00","0"
"428","20-000892-co"," 205.00"," 205.00","0"
"429","20-000893-co"," 195.00"," 195.00","0"
"430","20-000898-co"," 195.00"," 195.00","0"
"431","20-000899-co"," 202.58"," 202.58","0"
"432","20-000904-co"," 198.80"," 198.80","0"
"433","20-000907-co"," 195.00"," 195.00","0"
"434","20-000908-co"," 195.00"," 195.00","0"
"435","20-000909-co"," 195.00"," 195.00","0"
"436","20-000910-co"," 195.00"," 195.00","0"
"437","20-000911-co"," 225.00"," 225.00","0"
"438","20-000915-co"," 195.00"," 195.00","0"
"439","20-000917-co"," 203.00"," 203.00","0"
"440","20-000918-co"," 199.55"," 199.55","0"
"441","20-000919-co"," 215.00"," 215.00","0"
"442","20-000920-co"," 195.00"," 195.00","0"
"443","20-000921-co"," 195.00"," 195.00","0"
"444","20-000922-co"," 215.00"," 215.00","0"
"445","20-000923-co"," 205.00"," 205.00","0"
"446","20-000924-co"," 205.00"," 205.00","0"
"447","20-000925-co"," 195.00"," 195.00","0"
"448","20-002352-co"," 195.00"," 195.00","0"
"449","20-002353-co"," 205.00"," 205.00","0"
"450","20-002355-co"," 0.60"," 0.60","0"
"451","20-002356-co"," 195.00"," 195.00","0"
"452","20-002357-co"," 195.00"," 195.00","0"
"453","20-002358-co"," 195.00"," 195.00","0"
"454","20-002359-co"," 195.00"," 195.00","0"
"455","20-002360-co"," 195.00"," 195.00","0"
"456","20-002361-co"," 205.00"," 205.00","0"
"457","20-002363-co"," 215.00"," 215.00","0"
"458","20-002365-co"," 195.00"," 195.00","0"
"459","20-002370-co"," 195.00"," 195.00","0"
"460","20-002347-co"," 205.00"," 205.00","0"
"461","20-002349-co"," 215.00"," 215.00","0"
"462","20-002324-co"," 195.00"," 195.00","0"
"463","20-002335-co"," 195.00"," 195.00","0"
"464","20-002337-co"," 195.00"," 195.00","0"
"465","20-002339-co"," 205.00"," 205.00","0"
"466","20-002343-co"," 195.00"," 195.00","0"
"467","20-002344-co"," 195.00"," 195.00","0"
"468","20-002345-co"," 195.00"," 195.00","0"
"469","20-002346-co"," 215.00"," 215.00","0"
"470","20-002305-co"," 317.34"," 317.34","0"
"471","20-002307-co"," 332.32"," 332.32","0"
"472","20-002310-co"," 195.00"," 195.00","0"
"473","20-002312-co"," 215.28"," 215.28","0"
"474","20-002314-co"," 205.00"," 205.00","0"
"475","20-002315-co"," 195.00"," 195.00","0"
"476","20-002318-co"," 205.00"," 205.00","0"
"477","20-002319-co"," 2.04"," 2.04","0"
"478","20-002287-co"," 195.00"," 195.00","0"
"479","20-002288-co"," 244.31"," 244.31","0"
"480","20-002289-co"," 195.00"," 195.00","0"
"481","20-002290-co"," 195.00"," 195.00","0"
"482","20-002294-co"," 195.00"," 195.00","0"
"483","20-002295-co"," 205.00"," 205.00","0"
"484","20-002296-co"," 195.00"," 195.00","0"
"485","20-002297-co"," 320.00"," 320.00","0"
"486","20-002298-co"," 195.00"," 195.00","0"
"487","20-002299-co"," 310.00"," 310.00","0"
"488","20-002256-co"," 4.19"," 4.19","0"
"489","20-002257-co"," 205.00"," 205.00","0"
"490","20-002261-co"," 195.00"," 195.00","0"
"491","20-002262-co"," 195.00"," 195.00","0"
"492","20-002263-co"," 195.00"," 195.00","0"
"493","20-002265-co"," 195.00"," 195.00","0"
"494","20-002266-co"," 195.00"," 195.00","0"
"495","20-002270-co"," 195.00"," 195.00","0"
"496","20-002271-co"," 205.00"," 205.00","0"
"497","20-002274-co"," 195.00"," 195.00","0"
"498","20-002276-co"," 215.00"," 215.00","0"
"499","20-002281-co"," 195.00"," 195.00","0"
"500","20-002282-co"," 205.00"," 205.00","0"
"501","20-002285-co"," 310.00"," 310.00","0"
"502","20-002231-co"," 205.00"," 205.00","0"
"503","20-002232-co"," 195.00"," 195.00","0"
"504","20-002233-co"," 195.00"," 195.00","0"
"505","20-002235-co"," 0.30"," 0.30","0"
"506","20-002237-co"," 320.00"," 320.00","0"
"507","20-002238-co"," 195.00"," 195.00","0"
"508","20-002239-co"," 195.00"," 195.00","0"
"509","20-002240-co"," 225.00"," 225.00","0"
"510","20-002241-co"," 205.90"," 205.90","0"
"511","20-002244-co"," 205.00"," 205.00","0"
"512","20-002245-co"," 205.00"," 205.00","0"
"513","20-002246-co"," 195.00"," 195.00","0"
"514","20-002248-co"," 205.00"," 205.00","0"
"515","20-002252-co"," 195.00"," 195.00","0"
"516","20-002203-co"," 195.00"," 195.00","0"
"517","20-002213-co"," 310.00"," 310.00","0"
"518","20-002214-co"," 215.00"," 215.00","0"
"519","20-002216-co"," 206.38"," 206.38","0"
"520","20-002217-co"," 195.00"," 195.00","0"
"521","20-002218-co"," 195.00"," 195.00","0"
"522","20-002219-co"," 195.00"," 195.00","0"
"523","20-002220-co"," 195.00"," 195.00","0"
"524","20-002221-co"," 195.00"," 195.00","0"
"525","20-002222-co"," 195.00"," 195.00","0"
"526","20-002224-co"," 205.00"," 205.00","0"
"527","20-002226-co"," 320.00"," 320.00","0"
"528","20-002152-co"," 330.00"," 330.00","0"
"529","20-002159-co"," 195.00"," 195.00","0"
"530","20-002162-co"," 195.00"," 195.00","0"
"531","20-002166-co"," 195.00"," 195.00","0"
"532","20-002168-co"," 195.69"," 195.69","0"
"533","20-002170-co"," 201.57"," 201.57","0"
"534","20-002172-co"," 205.00"," 205.00","0"
"535","20-002173-co"," 215.69"," 215.69","0"
"536","20-002174-co"," 195.00"," 195.00","0"
"537","20-002175-co"," 195.00"," 195.00","0"
"538","20-002181-co"," 205.00"," 205.00","0"
"539","20-002182-co"," 195.00"," 195.00","0"
"540","20-002183-co"," 205.00"," 205.00","0"
"541","20-002184-co"," 195.00"," 195.00","0"
"542","20-002185-co"," 195.00"," 195.00","0"
"543","20-002188-co"," 195.00"," 195.00","0"
"544","20-002191-co"," 195.00"," 195.00","0"
"545","20-002195-co"," 205.00"," 205.00","0"
"546","20-002199-co"," 0.30"," 0.30","0"
"547","20-002201-co"," 195.00"," 195.00","0"
"548","20-002131-co"," 195.00"," 195.00","0"
"549","20-002135-co"," 195.00"," 195.00","0"
"550","20-002139-co"," 205.00"," 205.00","0"
"551","20-002140-co"," 205.00"," 205.00","0"
"552","20-002141-co"," 205.00"," 205.00","0"
"553","20-002142-co"," 212.80"," 212.80","0"
"554","20-002143-co"," 195.00"," 195.00","0"
"555","20-002144-co"," 198.72"," 3.72","195"
"556","20-002145-co"," 195.00"," 195.00","0"
"557","20-002146-co"," 295.00"," 295.00","0"
"558","20-002147-co"," 195.00"," 195.00","0"
"559","20-002148-co"," 195.00"," 195.00","0"
"560","20-002150-co"," 195.00"," 195.00","0"
"561","20-002151-co"," 310.00"," 310.00","0"
"562","20-002129-co"," 195.00"," 195.00","0"
"563","20-002130-co"," 205.00"," 205.00","0"
"564","20-002086-co"," 198.50"," 198.50","0"
"565","20-002091-co"," 310.00"," 310.00","0"
"566","20-002092-co"," 206.38"," 206.38","0"
"567","20-002093-co"," 310.00"," 310.00","0"
"568","20-002095-co"," 315.48"," 315.48","0"
"569","20-002096-co"," 195.00"," 195.00","0"
"570","20-002097-co"," 195.00"," 195.00","0"
"571","20-002098-co"," 1.80"," 1.80","0"
"572","20-002099-co"," 185.00"," 185.00","0"
"573","20-002101-co"," 195.00"," 195.00","0"
"574","20-002105-co"," 205.00"," 205.00","0"
"575","20-002106-co"," 196.20"," 196.20","0"
"576","20-002107-co"," 336.20"," 336.20","0"
"577","20-002110-co"," 195.00"," 195.00","0"
"578","20-002116-co"," 205.00"," 205.00","0"
"579","20-002118-co"," 195.00"," 195.00","0"
"580","20-002119-co"," 195.00"," 195.00","0"
"581","20-002120-co"," 195.00"," 195.00","0"
"582","20-002041-co"," 317.70"," 317.70","0"
"583","20-002042-co"," 198.50"," 198.50","0"
"584","20-002043-co"," 198.27"," 198.27","0"
"585","20-002044-co"," 205.37"," 205.37","0"
"586","20-002045-co"," 195.00"," 195.00","0"
"587","20-002047-co"," 205.00"," 205.00","0"
"588","20-002048-co"," 205.00"," 205.00","0"
"589","20-002051-co"," 205.00"," 205.00","0"
"590","20-001366-ci"," 420.00"," 420.00","0"
"591","20-002057-co"," 195.00"," 195.00","0"
"592","20-002058-co"," 195.00"," 195.00","0"
"593","20-002059-co"," 205.00"," 205.00","0"
"594","20-002062-co"," 205.00"," 205.00","0"
"595","20-001377-ci"," 410.00"," 410.00","0"
"596","20-002063-co"," 195.00"," 195.00","0"
"597","20-002068-co"," 219.80"," 219.80","0"
"598","20-002069-co"," 340.00"," 340.00","0"
"599","20-002070-co"," 211.95"," 211.95","0"
"600","20-002073-co"," 195.00"," 195.00","0"
"601","20-002074-co"," 195.00"," 195.00","0"
"602","20-002078-co"," 195.00"," 195.00","0"
"603","20-002079-co"," 205.00"," 205.00","0"
"604","20-002080-co"," 205.00"," 205.00","0"
"605","20-002081-co"," 205.00"," 205.00","0"
"606","20-002082-co"," 195.00"," 195.00","0"
"607","20-002083-co"," 185.00"," 185.00","0"
"608","20-002084-co"," 215.00"," 215.00","0"
"609","20-002085-co"," 320.00"," 320.00","0"
"610","20-001993-co"," 205.00"," 205.00","0"
"611","20-001994-co"," 205.00"," 205.00","0"
"612","20-001995-co"," 195.00"," 195.00","0"
"613","20-001996-co"," 322.53"," 322.53","0"
"614","20-001997-co"," 195.00"," 195.00","0"
"615","20-001998-co"," 195.00"," 195.00","0"
"616","20-001999-co"," 231.05"," 231.05","0"
"617","20-002002-co"," 195.00"," 195.00","0"
"618","20-002009-co"," 195.00"," 195.00","0"
"619","20-002011-co"," 205.00"," 205.00","0"
"620","20-002013-co"," 198.60"," 198.60","0"
"621","20-002021-co"," 205.00"," 205.00","0"
"622","20-002022-co"," 206.87"," 206.87","0"
"623","20-002024-co"," 215.00"," 215.00","0"
"624","20-002025-co"," 195.00"," 195.00","0"
"625","20-002029-co"," 195.00"," 195.00","0"
"626","20-002030-co"," 205.00"," 205.00","0"
"627","20-002032-co"," 195.00"," 195.00","0"
"628","20-002035-co"," 0.60"," 0.60","0"
"629","20-002036-co"," 195.00"," 195.00","0"
"630","20-002037-co"," 195.00"," 195.00","0"
"631","20-002014-co"," 310.00"," 310.00","0"
"632","20-001956-co"," 320.00"," 320.00","0"
"633","20-001958-co"," 195.00"," 195.00","0"
"634","20-001959-co"," 205.00"," 205.00","0"
"635","20-001960-co"," 195.00"," 195.00","0"
"636","20-001964-co"," 205.00"," 205.00","0"
"637","20-001965-co"," 220.57"," 220.57","0"
"638","20-001966-co"," 199.94"," 199.94","0"
"639","20-001967-co"," 215.00"," 215.00","0"
"640","20-001968-co"," 205.00"," 205.00","0"
"641","20-001969-co"," 195.00"," 195.00","0"
"642","20-001970-co"," 208.50"," 208.50","0"
"643","20-001971-co"," 195.00"," 195.00","0"
"644","20-001972-co"," 209.88"," 209.88","0"
"645","20-001974-co"," 205.00"," 205.00","0"
"646","20-001976-co"," 310.00"," 310.00","0"
"647","20-001978-co"," 195.00"," 195.00","0"
"648","20-001979-co"," 195.00"," 195.00","0"
"649","20-001980-co"," 195.00"," 195.00","0"
"650","20-001982-co"," 195.00"," 195.00","0"
"651","20-001983-co"," 205.00"," 205.00","0"
"652","20-001919-co"," 195.00"," 195.00","0"
"653","20-001920-co"," 205.00"," 205.00","0"
"654","20-001921-co"," 195.00"," 195.00","0"
"655","20-001922-co"," 320.00"," 320.00","0"
"656","20-001930-co"," 195.00"," 195.00","0"
"657","20-001934-co"," 198.50"," 198.50","0"
"658","20-001936-co"," 198.50"," 198.50","0"
"659","20-001938-co"," 195.00"," 195.00","0"
"660","20-001941-co"," 195.00"," 195.00","0"
"661","20-001942-co"," 205.00"," 205.00","0"
"662","20-001943-co"," 199.98"," 199.98","0"
"663","20-001945-co"," 195.00"," 195.00","0"
"664","20-001947-co"," 195.00"," 195.00","0"
"665","20-001948-co"," 195.00"," 195.00","0"
"666","20-001949-co"," 205.00"," 205.00","0"
"667","20-001950-co"," 195.00"," 195.00","0"
"668","20-001927-co"," 310.00"," 310.00","0"
"669","20-001873-co"," 195.00"," 195.00","0"
"670","20-001874-co"," 195.90"," 195.90","0"
"671","20-001875-co"," 195.00"," 195.00","0"
"672","20-001876-co"," 195.00"," 195.00","0"
"673","20-001877-co"," 195.00"," 195.00","0"
"674","20-001878-co"," 202.34"," 202.34","0"
"675","20-001879-co"," 195.00"," 195.00","0"
"676","20-001880-co"," 1.35"," 1.35","0"
"677","20-001881-co"," 202.07"," 202.07","0"
"678","20-001882-co"," 205.00"," 205.00","0"
"679","20-001887-co"," 195.00"," 195.00","0"
"680","20-001888-co"," 205.00"," 205.00","0"
"681","20-001889-co"," 195.00"," 195.00","0"
"682","20-001890-co"," 195.00"," 195.00","0"
"683","20-001891-co"," 205.00"," 205.00","0"
"684","20-001892-co"," 195.00"," 195.00","0"
"685","20-001893-co"," 215.00"," 215.00","0"
"686","20-001894-co"," 195.00"," 195.00","0"
"687","20-001895-co"," 310.00"," 310.00","0"
"688","20-001896-co"," 199.70"," 199.70","0"
"689","20-001899-co"," 198.50"," 198.50","0"
"690","20-001901-co"," 195.00"," 195.00","0"
"691","20-001902-co"," 195.00"," 195.00","0"
"692","20-001903-co"," 195.00"," 195.00","0"
"693","20-001904-co"," 323.00"," 323.00","0"
"694","20-001905-co"," 310.00"," 310.00","0"
"695","20-001838-co"," 205.00"," 205.00","0"
"696","20-001840-co"," 295.00"," 295.00","0"
"697","20-001841-co"," 205.00"," 205.00","0"
"698","20-001842-co"," 0.15"," 0.15","0"
"699","20-001843-co"," 224.05"," 224.05","0"
"700","20-001844-co"," 205.00"," 205.00","0"
"701","20-001845-co"," 217.76"," 217.76","0"
"702","20-001846-co"," 195.00"," 195.00","0"
"703","20-001848-co"," 310.00"," 310.00","0"
"704","20-001849-co"," 195.00"," 195.00","0"
"705","20-001850-co"," 195.00"," 195.00","0"
"706","20-001852-co"," 225.00"," 225.00","0"
"707","20-001853-co"," 195.00"," 195.00","0"
"708","20-001854-co"," 205.00"," 205.00","0"
"709","20-001856-co"," 215.00"," 215.00","0"
"710","20-001861-co"," 195.00"," 195.00","0"
"711","20-001863-co"," 320.00"," 320.00","0"
"712","20-001864-co"," 196.80"," 196.80","0"
"713","20-001867-co"," 310.00"," 310.00","0"
"714","20-001868-co"," 195.00"," 195.00","0"
"715","20-001869-co"," 310.00"," 310.00","0"
"716","20-001870-co"," 330.00"," 330.00","0"
"717","20-001831-co"," 195.00"," 195.00","0"
"718","20-001832-co"," 330.00"," 330.00","0"
"719","20-001821-co"," 310.00"," 310.00","0"
"720","20-001822-co"," 195.69"," 195.69","0"
"721","20-001826-co"," 198.80"," 198.80","0"
"722","20-001827-co"," 198.50"," 198.50","0"
"723","20-001795-co"," 220.28"," 220.28","0"
"724","20-001803-co"," 195.00"," 195.00","0"
"725","20-001807-co"," 205.00"," 205.00","0"
"726","20-001808-co"," 195.00"," 195.00","0"
"727","20-001811-co"," 205.00"," 205.00","0"
"728","20-001812-co"," 195.00"," 195.00","0"
"729","20-001813-co"," 4.05"," 4.05","0"
"730","20-001781-co"," 207.62"," 207.62","0"
"731","20-001782-co"," 206.38"," 206.38","0"
"732","20-001783-co"," 200.48"," 200.48","0"
"733","20-001785-co"," 2.40"," 2.40","0"
"734","20-001789-co"," 195.00"," 195.00","0"
"735","20-001791-co"," 195.00"," 195.00","0"
"736","20-001792-co"," 195.00"," 195.00","0"
"737","20-001794-co"," 195.00"," 195.00","0"
"738","20-001765-co"," 228.04"," 228.04","0"
"739","20-001768-co"," 210.20"," 210.20","0"
"740","20-001769-co"," 201.65"," 201.65","0"
"741","20-001770-co"," 1.35"," 1.35","0"
"742","20-001771-co"," 310.30"," 310.30","0"
"743","20-001775-co"," 199.88"," 199.88","0"
"744","20-001778-co"," 195.00"," 195.00","0"
"745","20-001780-co"," 0.00"," 0.00","0"
"746","20-001799-co"," 225.00"," 225.00","0"
"747","20-001800-co"," 195.00"," 195.00","0"
"748","20-001761-co"," 195.00"," 195.00","0"
"749","20-001127-ci"," 400.00"," 400.00","0"
"750","20-001725-co"," 205.00"," 205.00","0"
"751","20-001727-co"," 215.00"," 215.00","0"
"752","20-001728-co"," 442.00"," 442.00","0"
"753","20-001729-co"," 195.00"," 195.00","0"
"754","20-001730-co"," 195.00"," 195.00","0"
"755","20-001738-co"," 207.08"," 207.08","0"
"756","20-001739-co"," 195.00"," 195.00","0"
"757","20-001740-co"," 205.00"," 205.00","0"
"758","20-001741-co"," 195.00"," 195.00","0"
"759","20-001742-co"," 195.00"," 195.00","0"
"760","20-001743-co"," 205.00"," 205.00","0"
"761","20-001744-co"," 354.50"," 354.50","0"
"762","20-001745-co"," 195.00"," 195.00","0"
"763","20-001746-co"," 320.00"," 320.00","0"
"764","20-001747-co"," 205.00"," 205.00","0"
"765","20-001748-co"," 195.69"," 195.69","0"
"766","20-001752-co"," 195.00"," 195.00","0"
"767","20-001754-co"," 195.00"," 195.00","0"
"768","20-001755-co"," 195.00"," 195.00","0"
"769","20-001756-co"," 320.00"," 320.00","0"
"770","20-001686-co"," 335.43"," 335.43","0"
"771","20-001687-co"," 195.00"," 195.00","0"
"772","20-001688-co"," 195.00"," 195.00","0"
"773","20-001690-co"," 195.00"," 195.00","0"
"774","20-001692-co"," 195.00"," 195.00","0"
"775","20-001702-co"," 205.00"," 205.00","0"
"776","20-001703-co"," 195.00"," 195.00","0"
"777","20-001704-co"," 320.00"," 320.00","0"
"778","20-001705-co"," 198.50"," 198.50","0"
"779","20-001706-co"," 235.00"," 235.00","0"
"780","20-001707-co"," 195.00"," 195.00","0"
"781","20-001708-co"," 195.00"," 195.00","0"
"782","20-001709-co"," 195.00"," 195.00","0"
"783","20-001710-co"," 205.00"," 205.00","0"
"784","20-001711-co"," 196.20"," 196.20","0"
"785","20-001712-co"," 195.00"," 195.00","0"
"786","20-001713-co"," 195.00"," 195.00","0"
"787","20-001714-co"," 195.00"," 195.00","0"
"788","20-001715-co"," 295.45"," 295.45","0"
"789","20-001716-co"," 195.00"," 195.00","0"
"790","20-001717-co"," 205.00"," 205.00","0"
"791","20-001722-co"," 205.00"," 205.00","0"
"792","20-001723-co"," 0.30"," 0.30","0"
"793","20-001724-co"," 215.00"," 215.00","0"
"794","20-001652-co"," 195.00"," 195.00","0"
"795","20-001653-co"," 204.83"," 204.83","0"
"796","20-001654-co"," 195.00"," 195.00","0"
"797","20-001656-co"," 236.42"," 236.42","0"
"798","20-001657-co"," 195.00"," 195.00","0"
"799","20-001658-co"," 0.15"," 0.15","0"
"800","20-001659-co"," 195.00"," 195.00","0"
"801","20-001660-co"," 205.00"," 205.00","0"
"802","20-001661-co"," 205.00"," 205.00","0"
"803","20-001662-co"," 219.20"," 219.20","0"
"804","20-001663-co"," 195.00"," 195.00","0"
"805","20-001664-co"," 195.00"," 195.00","0"
"806","20-001665-co"," 195.00"," 195.00","0"
"807","20-001666-co"," 0.30"," 0.30","0"
"808","20-001669-co"," 195.00"," 195.00","0"
"809","20-001671-co"," 195.00"," 195.00","0"
"810","20-001674-co"," 195.00"," 195.00","0"
"811","20-001675-co"," 195.00"," 195.00","0"
"812","20-001676-co"," 205.00"," 205.00","0"
"813","20-001677-co"," 313.84"," 313.84","0"
"814","20-001678-co"," 195.00"," 195.00","0"
"815","20-001679-co"," 195.00"," 195.00","0"
"816","20-001680-co"," 195.00"," 195.00","0"
"817","20-001681-co"," 195.00"," 195.00","0"
"818","20-001682-co"," 215.00"," 215.00","0"
"819","20-001683-co"," 195.00"," 195.00","0"
"820","20-001684-co"," 195.00"," 195.00","0"
"821","20-001685-co"," 215.00"," 215.00","0"
"822","20-002641-co"," 205.00"," 205.00","0"
"823","20-002643-co"," 195.00"," 195.00","0"
"824","20-002653-co"," 420.00"," 420.00","0"
"825","20-002654-co"," 320.00"," 320.00","0"
"826","20-002655-co"," 310.00"," 310.00","0"
"827","20-002629-co"," 205.00"," 205.00","0"
"828","20-002630-co"," 13.89"," 13.89","0"
"829","20-002637-co"," 287.30"," 0.30","287"
"830","20-002631-co"," 310.00"," 310.00","0"
"831","20-002625-co"," 195.69"," 195.69","0"
"832","20-002626-co"," 195.00"," 195.00","0"
"833","20-002627-co"," 203.09"," 203.09","0"
"834","20-002609-co"," 314.08"," 314.08","0"
"835","20-002611-co"," 310.00"," 310.00","0"
"836","20-002616-co"," 205.00"," 205.00","0"
"837","20-002617-co"," 205.00"," 205.00","0"
"838","20-002618-co"," 206.38"," 206.38","0"
"839","20-002619-co"," 0.99"," 0.99","0"
"840","20-002620-co"," 195.00"," 195.00","0"
"841","20-002608-co"," 195.00"," 195.00","0"
"842","20-002595-co"," 205.00"," 205.00","0"
"843","20-002596-co"," 204.17"," 204.17","0"
"844","20-002600-co"," 195.00"," 195.00","0"
"845","20-002602-co"," 195.00"," 195.00","0"
"846","20-002604-co"," 195.00"," 195.00","0"
"847","20-002606-co"," 195.00"," 195.00","0"
"848","20-002607-co"," 310.00"," 310.00","0"
"849","20-002577-co"," 1.59"," 1.59","0"
"850","20-002579-co"," 195.00"," 195.00","0"
"851","20-002580-co"," 0.60"," 0.60","0"
"852","20-002583-co"," 208.50"," 208.50","0"
"853","20-002584-co"," 205.00"," 205.00","0"
"854","20-002585-co"," 198.50"," 198.50","0"
"855","20-002586-co"," 195.00"," 195.00","0"
"856","20-002587-co"," 205.00"," 205.00","0"
"857","20-002588-co"," 1.20"," 1.20","0"
"858","20-002591-co"," 195.00"," 195.00","0"
"859","20-002578-co"," 310.00"," 310.00","0"
"860","20-002561-co"," 202.37"," 202.37","0"
"861","20-002562-co"," 310.00"," 310.00","0"
"862","20-002563-co"," 310.00"," 310.00","0"
"863","20-002565-co"," 205.00"," 205.00","0"
"864","20-002571-co"," 205.00"," 205.00","0"
"865","20-002554-co"," 211.69"," 211.69","0"
"866","20-002555-co"," 195.00"," 195.00","0"
"867","20-002531-co"," 420.00"," 420.00","0"
"868","20-002536-co"," 195.00"," 195.00","0"
"869","20-002543-co"," 205.00"," 205.00","0"
"870","20-002544-co"," 205.00"," 205.00","0"
"871","20-002545-co"," 314.70"," 314.70","0"
"872","20-002546-co"," 205.00"," 205.00","0"
"873","20-002548-co"," 314.25"," 314.25","0"
"874","20-002535-co"," 310.00"," 310.00","0"
"875","20-002519-co"," 195.00"," 195.00","0"
"876","20-002520-co"," 210.58"," 210.58","0"
"877","20-002525-co"," 2.10"," 2.10","0"
"878","20-002526-co"," 195.00"," 195.00","0"
"879","20-002527-co"," 205.00"," 205.00","0"
"880","20-002529-co"," 198.50"," 198.50","0"
"881","20-002530-co"," 310.00"," 310.00","0"
"882","20-002506-co"," 310.00"," 310.00","0"
"883","20-002508-co"," 195.00"," 195.00","0"
"884","20-002509-co"," 205.00"," 205.00","0"
"885","20-002510-co"," 215.00"," 215.00","0"
"886","20-002511-co"," 206.38"," 206.38","0"
"887","20-002513-co"," 205.00"," 205.00","0"
"888","20-001911-ci"," 400.00"," 400.00","0"
"889","20-002493-co"," 410.00"," 410.00","0"
"890","20-002494-co"," 203.57"," 203.57","0"
"891","20-002496-co"," 225.00"," 225.00","0"
"892","20-002497-co"," 225.00"," 225.00","0"
"893","20-002498-co"," 225.00"," 225.00","0"
"894","20-002499-co"," 215.00"," 215.00","0"
"895","20-002502-co"," 320.00"," 320.00","0"
"896","20-002482-co"," 208.50"," 208.50","0"
"897","20-002485-co"," 205.00"," 205.00","0"
"898","20-002488-co"," 195.00"," 195.00","0"
"899","20-002490-co"," 320.00"," 320.00","0"
"900","20-002466-co"," 195.00"," 195.00","0"
"901","20-002471-co"," 0.30"," 0.30","0"
"902","20-002472-co"," 195.00"," 195.00","0"
"903","20-002473-co"," 205.00"," 205.00","0"
"904","20-002474-co"," 195.00"," 195.00","0"
"905","20-002468-co"," 235.00"," 235.00","0"
"906","20-002504-co"," 310.00"," 310.00","0"
"907","20-001822-ci"," 420.00"," 420.00","0"
"908","20-002455-co"," 195.00"," 195.00","0"
"909","20-002457-co"," 205.00"," 205.00","0"
"910","20-002458-co"," 205.00"," 205.00","0"
"911","20-002463-co"," 310.00"," 310.00","0"
"912","20-002445-co"," 195.00"," 195.00","0"
"913","20-001778-ci"," 395.00"," 395.00","0"
"914","20-002449-co"," 195.00"," 195.00","0"
"915","20-002450-co"," 205.00"," 205.00","0"
"916","20-002451-co"," 310.00"," 310.00","0"
"917","20-002429-co"," 205.15"," 205.15","0"
"918","20-002430-co"," 200.57"," 200.57","0"
"919","20-002438-co"," 330.00"," 330.00","0"
"920","20-002439-co"," 198.00"," 198.00","0"
"921","20-002443-co"," 310.00"," 310.00","0"
"922","20-002444-co"," 330.00"," 330.00","0"
"923","20-002418-co"," 320.00"," 320.00","0"
"924","20-002420-co"," 212.00"," 212.00","0"
"925","20-002422-co"," 310.00"," 310.00","0"
"926","20-002423-co"," 195.00"," 195.00","0"
"927","20-002425-co"," 198.50"," 198.50","0"
"928","20-002426-co"," 310.00"," 310.00","0"
"929","20-002516-co"," 195.00"," 195.00","0"
"930","20-002399-co"," 208.50"," 208.50","0"
"931","20-002405-co"," 195.00"," 195.00","0"
"932","20-002406-co"," 215.00"," 215.00","0"
"933","20-002407-co"," 195.00"," 195.00","0"
"934","20-002409-co"," 215.00"," 215.00","0"
"935","20-002413-co"," 205.00"," 205.00","0"
"936","20-002414-co"," 195.00"," 195.00","0"
"937","20-002393-co"," 195.00"," 195.00","0"
"938","20-002394-co"," 225.00"," 225.00","0"
"939","20-002397-co"," 323.48"," 323.48","0"
"940","20-002398-co"," 199.40"," 199.40","0"
"941","20-002400-co"," 310.00"," 310.00","0"
"942","20-002401-co"," 205.00"," 205.00","0"
"943","20-002372-co"," 195.00"," 195.00","0"
"944","20-002373-co"," 195.00"," 195.00","0"
"945","20-002374-co"," 195.00"," 195.00","0"
"946","20-002375-co"," 197.79"," 197.79","0"
"947","20-002377-co"," 195.00"," 195.00","0"
"948","20-002379-co"," 215.00"," 215.00","0"
"949","20-002382-co"," 215.00"," 215.00","0"
"950","20-002384-co"," 310.00"," 310.00","0"
"951","20-002385-co"," 195.00"," 195.00","0"
"952","20-002386-co"," 195.00"," 195.00","0"
"953","20-002387-co"," 195.00"," 195.00","0"
"954","20-002388-co"," 195.00"," 195.00","0"
"955","20-002967-co"," 195.00"," 195.00","0"
"956","20-002970-co"," 198.50"," 198.50","0"
"957","20-002971-co"," 203.47"," 203.47","0"
"958","20-002981-co"," 195.30"," 195.30","0"
"959","20-002982-co"," 195.00"," 195.00","0"
"960","20-002984-co"," 195.00"," 195.00","0"
"961","20-002987-co"," 0.45"," 0.45","0"
"962","20-002988-co"," 0.90"," 0.90","0"
"963","20-002989-co"," 195.00"," 195.00","0"
"964","20-002997-co"," 420.00"," 420.00","0"
"965","20-002954-co"," 200.34"," 200.34","0"
"966","20-002955-co"," 205.00"," 205.00","0"
"967","20-002961-co"," 202.04"," 202.04","0"
"968","20-002939-co"," 198.65"," 198.65","0"
"969","20-002940-co"," 320.46"," 320.46","0"
"970","20-002941-co"," 200.57"," 200.57","0"
"971","20-002923-co"," 195.00"," 195.00","0"
"972","20-002924-co"," 195.00"," 195.00","0"
"973","20-002925-co"," 205.00"," 205.00","0"
"974","20-002926-co"," 205.00"," 205.00","0"
"975","20-002928-co"," 205.00"," 205.00","0"
"976","20-002929-co"," 2.25"," 2.25","0"
"977","20-002980-co"," 340.00"," 340.00","0"
"978","20-002910-co"," 310.00"," 310.00","0"
"979","20-002911-co"," 219.14"," 219.14","0"
"980","20-002918-co"," 10.52"," 10.52","0"
"981","20-002919-co"," 205.00"," 205.00","0"
"982","20-002920-co"," 209.88"," 209.88","0"
"983","20-002921-co"," 205.00"," 205.00","0"
"984","20-002901-co"," 0.90"," 0.90","0"
"985","20-002902-co"," 315.88"," 315.88","0"
"986","20-002903-co"," 310.00"," 310.00","0"
"987","20-002905-co"," 310.00"," 310.00","0"
"988","20-002889-co"," 314.29"," 314.29","0"
"989","20-002890-co"," 1.50"," 1.50","0"
"990","20-002891-co"," 226.00"," 226.00","0"
"991","20-002894-co"," 195.00"," 195.00","0"
"992","20-002875-co"," 205.00"," 205.00","0"
"993","20-002876-co"," 223.58"," 223.58","0"
"994","20-002877-co"," 211.54"," 211.54","0"
"995","20-002879-co"," 3.75"," 3.75","0"
"996","20-002881-co"," 195.00"," 195.00","0"
"997","20-002882-co"," 195.00"," 195.00","0"
"998","20-002922-co"," 195.00"," 195.00","0"
"999","20-002856-co"," 198.50"," 198.50","0"
"1000","20-002857-co"," 0.30"," 0.30","0"
"1001","20-002858-co"," 198.50"," 198.50","0"
"1002","20-002860-co"," 310.00"," 310.00","0"
"1003","20-002861-co"," 199.25"," 199.25","0"
"1004","20-002862-co"," 206.50"," 206.50","0"
"1005","20-002863-co"," 0.30"," 0.30","0"
"1006","20-002865-co"," 211.92"," 211.92","0"
"1007","20-002824-co"," 199.19"," 199.19","0"
"1008","20-002829-co"," 213.61"," 213.61","0"
"1009","20-002830-co"," 196.35"," 196.35","0"
"1010","20-002831-co"," 320.00"," 320.00","0"
"1011","20-002832-co"," 222.74"," 222.74","0"
"1012","20-002835-co"," 197.79"," 197.79","0"
"1013","20-002836-co"," 195.00"," 195.00","0"
"1014","20-002838-co"," 310.00"," 310.00","0"
"1015","20-002841-co"," 310.00"," 310.00","0"
"1016","20-002842-co"," 200.78"," 200.78","0"
"1017","20-002843-co"," 320.00"," 320.00","0"
"1018","20-002844-co"," 295.00"," 295.00","0"
"1019","20-002848-co"," 195.00"," 195.00","0"
"1020","20-002849-co"," 195.00"," 195.00","0"
"1021","20-002809-co"," 195.00"," 195.00","0"
"1022","20-002812-co"," 195.00"," 195.00","0"
"1023","20-002813-co"," 420.00"," 420.00","0"
"1024","20-002814-co"," 195.00"," 195.00","0"
"1025","20-002815-co"," 205.00"," 205.00","0"
"1026","20-002816-co"," 185.00"," 185.00","0"
"1027","20-002818-co"," 0.45"," 0.45","0"
"1028","20-002820-co"," 195.00"," 195.00","0"
"1029","20-002821-co"," 195.00"," 195.00","0"
"1030","20-002792-co"," 213.38"," 213.38","0"
"1031","20-002797-co"," 218.55"," 218.55","0"
"1032","20-002800-co"," 314.19"," 314.19","0"
"1033","20-002802-co"," 195.00"," 195.00","0"
"1034","20-002803-co"," 310.00"," 310.00","0"
"1035","20-002777-co"," 195.00"," 195.00","0"
"1036","20-002778-co"," 217.10"," 217.10","0"
"1037","20-002779-co"," 195.00"," 195.00","0"
"1038","20-002780-co"," 205.00"," 205.00","0"
"1039","20-002781-co"," 205.00"," 205.00","0"
"1040","20-002782-co"," 205.00"," 205.00","0"
"1041","20-002784-co"," 195.00"," 195.00","0"
"1042","20-002791-co"," 195.00"," 195.00","0"
"1043","20-002763-co"," 330.00"," 330.00","0"
"1044","20-002764-co"," 311.50"," 311.50","0"
"1045","20-002765-co"," 201.47"," 201.47","0"
"1046","20-002767-co"," 215.00"," 215.00","0"
"1047","20-002768-co"," 205.00"," 205.00","0"
"1048","20-002769-co"," 205.00"," 205.00","0"
"1049","20-002770-co"," 215.00"," 215.00","0"
"1050","20-002772-co"," 212.00"," 212.00","0"
"1051","20-002776-co"," 205.00"," 205.00","0"
"1052","20-002743-co"," 330.00"," 330.00","0"
"1053","20-002744-co"," 195.00"," 195.00","0"
"1054","20-002745-co"," 195.00"," 195.00","0"
"1055","20-002261-ci"," 450.00"," 450.00","0"
"1056","20-002746-co"," 202.10"," 202.10","0"
"1057","20-002748-co"," 205.00"," 205.00","0"
"1058","20-002749-co"," 213.42"," 213.42","0"
"1059","20-002716-co"," 195.69"," 195.69","0"
"1060","20-002717-co"," 203.27"," 203.27","0"
"1061","20-002719-co"," 195.69"," 195.69","0"
"1062","20-002724-co"," 0.45"," 0.45","0"
"1063","20-002726-co"," 205.00"," 205.00","0"
"1064","20-002728-co"," 205.00"," 205.00","0"
"1065","20-002734-co"," 310.00"," 310.00","0"
"1066","20-002737-co"," 198.50"," 198.50","0"
"1067","20-002738-co"," 195.00"," 195.00","0"
"1068","20-002739-co"," 310.00"," 310.00","0"
"1069","20-002741-co"," 195.00"," 195.00","0"
"1070","20-002713-co"," 205.00"," 205.00","0"
"1071","20-002714-co"," 205.00"," 205.00","0"
"1072","20-002715-co"," 195.00"," 195.00","0"
"1073","20-002695-co"," 314.44"," 314.44","0"
"1074","20-002696-co"," 195.00"," 195.00","0"
"1075","20-002699-co"," 195.00"," 195.00","0"
"1076","20-002701-co"," 195.00"," 195.00","0"
"1077","20-002702-co"," 195.00"," 195.00","0"
"1078","20-002708-co"," 205.00"," 205.00","0"
"1079","20-002698-co"," 320.00"," 320.00","0"
"1080","20-002678-co"," 205.00"," 205.00","0"
"1081","20-002679-co"," 205.00"," 205.00","0"
"1082","20-002680-co"," 205.00"," 205.00","0"
"1083","20-002681-co"," 195.00"," 195.00","0"
"1084","20-002682-co"," 195.00"," 195.00","0"
"1085","20-002683-co"," 310.00"," 310.00","0"
"1086","20-002688-co"," 198.50"," 198.50","0"
"1087","20-002659-co"," 0.45"," 0.45","0"
"1088","20-002660-co"," 310.00"," 310.00","0"
"1089","20-002663-co"," 195.00"," 195.00","0"
"1090","20-002665-co"," 205.00"," 205.00","0"
"1091","20-002666-co"," 195.00"," 195.00","0"
"1092","20-002668-co"," 205.00"," 205.00","0"
"1093","20-002673-co"," 370.00"," 370.00","0"
"1094","20-003360-co"," 198.60"," 198.60","0"
"1095","20-003361-co"," 215.58"," 215.58","0"
"1096","20-003362-co"," 199.70"," 199.70","0"
"1097","20-003364-co"," 195.00"," 195.00","0"
"1098","20-003365-co"," 205.00"," 205.00","0"
"1099","20-003372-co"," 195.00"," 195.00","0"
"1100","20-003379-co"," 195.00"," 195.00","0"
"1101","20-003126-ci"," 420.00"," 420.00","0"
"1102","20-003127-ci"," 410.00"," 410.00","0"
"1103","20-003347-co"," 195.00"," 195.00","0"
"1104","20-003348-co"," 209.38"," 209.38","0"
"1105","20-003349-co"," 313.50"," 313.50","0"
"1106","20-003351-co"," 195.00"," 195.00","0"
"1107","20-003352-co"," 195.00"," 195.00","0"
"1108","20-003353-co"," 310.00"," 310.00","0"
"1109","20-003339-co"," 185.00"," 185.00","0"
"1110","20-003345-co"," 195.00"," 195.00","0"
"1111","20-003314-co"," 199.19"," 199.19","0"
"1112","20-003316-co"," 317.04"," 317.04","0"
"1113","20-003320-co"," 195.00"," 195.00","0"
"1114","20-003321-co"," 310.00"," 310.00","0"
"1115","20-003322-co"," 195.00"," 195.00","0"
"1116","20-003323-co"," 320.00"," 320.00","0"
"1117","20-003074-ci"," 410.00"," 410.00","0"
"1118","20-003325-co"," 215.18"," 215.18","0"
"1119","20-003330-co"," 195.00"," 195.00","0"
"1120","20-003331-co"," 195.00"," 195.00","0"
"1121","20-003335-co"," 195.00"," 195.00","0"
"1122","20-003302-co"," 195.69"," 195.69","0"
"1123","20-003304-co"," 310.00"," 310.00","0"
"1124","20-003305-co"," 195.00"," 195.00","0"
"1125","20-003306-co"," 310.00"," 310.00","0"
"1126","20-003055-ci"," 428.00"," 428.00","0"
"1127","20-003313-co"," 0.15"," 0.15","0"
"1128","20-003292-co"," 314.19"," 314.19","0"
"1129","20-003293-co"," 310.00"," 310.00","0"
"1130","20-003294-co"," 195.00"," 195.00","0"
"1131","20-003295-co"," 195.00"," 195.00","0"
"1132","20-003296-co"," 195.00"," 195.00","0"
"1133","20-003298-co"," 310.00"," 310.00","0"
"1134","20-003270-co"," 320.00"," 320.00","0"
"1135","20-003272-co"," 211.75"," 211.75","0"
"1136","20-003277-co"," 213.10"," 213.10","0"
"1137","20-003278-co"," 195.69"," 195.69","0"
"1138","20-003280-co"," 320.00"," 320.00","0"
"1139","20-003253-co"," 205.00"," 205.00","0"
"1140","20-003254-co"," 310.00"," 310.00","0"
"1141","20-003256-co"," 310.00"," 310.00","0"
"1142","20-003260-co"," 320.00"," 320.00","0"
"1143","20-003262-co"," 195.00"," 195.00","0"
"1144","20-003264-co"," 215.00"," 215.00","0"
"1145","20-003267-co"," 215.00"," 215.00","0"
"1146","20-003252-co"," 310.00"," 310.00","0"
"1147","20-003354-co"," 195.00"," 195.00","0"
"1148","20-002965-ci"," 460.00"," 460.00","0"
"1149","20-003237-co"," 195.00"," 195.00","0"
"1150","20-003239-co"," 214.96"," 214.96","0"
"1151","20-003243-co"," 210.58"," 210.58","0"
"1152","20-003245-co"," 198.69"," 198.69","0"
"1153","20-003248-co"," 0.30"," 0.30","0"
"1154","20-002953-ci"," 420.00"," 420.00","0"
"1155","20-003250-co"," 330.00"," 330.00","0"
"1156","20-003214-co"," 195.00"," 195.00","0"
"1157","20-003215-co"," 195.00"," 195.00","0"
"1158","20-003221-co"," 1.35"," 1.35","0"
"1159","20-003222-co"," 310.00"," 310.00","0"
"1160","20-003223-co"," 205.00"," 205.00","0"
"1161","20-003224-co"," 214.45"," 214.45","0"
"1162","20-003225-co"," 199.19"," 199.19","0"
"1163","20-003227-co"," 195.00"," 195.00","0"
"1164","20-003229-co"," 205.00"," 205.00","0"
"1165","20-003233-co"," 195.00"," 195.00","0"
"1166","20-003202-co"," 205.00"," 205.00","0"
"1167","20-003203-co"," 205.00"," 205.00","0"
"1168","20-003204-co"," 205.00"," 205.00","0"
"1169","20-003205-co"," 205.00"," 205.00","0"
"1170","20-003206-co"," 198.50"," 198.50","0"
"1171","20-003207-co"," 195.00"," 195.00","0"
"1172","20-002902-ci"," 410.00"," 410.00","0"
"1173","20-003210-co"," 320.00"," 320.00","0"
"1174","20-003191-co"," 205.00"," 205.00","0"
"1175","20-003192-co"," 198.95"," 198.95","0"
"1176","20-003196-co"," 310.00"," 310.00","0"
"1177","20-003197-co"," 195.00"," 195.00","0"
"1178","20-003200-co"," 225.00"," 225.00","0"
"1179","20-002893-ci"," 420.00"," 420.00","0"
"1180","20-003178-co"," 195.00"," 195.00","0"
"1181","20-003179-co"," 312.37"," 312.37","0"
"1182","20-003180-co"," 195.69"," 195.69","0"
"1183","20-003184-co"," 340.00"," 340.00","0"
"1184","20-003185-co"," 320.00"," 320.00","0"
"1185","20-003190-co"," 205.00"," 205.00","0"
"1186","20-003154-co"," 195.90"," 195.90","0"
"1187","20-003160-co"," 310.00"," 310.00","0"
"1188","20-003161-co"," 320.00"," 320.00","0"
"1189","20-003164-co"," 318.36"," 318.36","0"
"1190","20-003166-co"," 195.00"," 195.00","0"
"1191","20-002840-ci"," 410.00"," 410.00","0"
"1192","20-003167-co"," 330.00"," 330.00","0"
"1193","20-003168-co"," 313.50"," 313.50","0"
"1194","20-003169-co"," 235.00"," 235.00","0"
"1195","20-003170-co"," 205.00"," 205.00","0"
"1196","20-003172-co"," 205.00"," 205.00","0"
"1197","20-002846-ci"," 410.00"," 410.00","0"
"1198","20-003145-co"," 205.00"," 205.00","0"
"1199","20-003124-co"," 0.30"," 0.30","0"
"1200","20-003130-co"," 205.00"," 205.00","0"
"1201","20-003132-co"," 215.00"," 215.00","0"
"1202","20-003135-co"," 310.00"," 310.00","0"
"1203","20-003137-co"," 205.00"," 205.00","0"
"1204","20-002811-ci"," 430.00"," 430.00","0"
"1205","20-003106-co"," 420.00"," 420.00","0"
"1206","20-003113-co"," 200.52"," 200.52","0"
"1207","20-003117-co"," 310.00"," 310.00","0"
"1208","20-003092-co"," 201.80"," 201.80","0"
"1209","20-003096-co"," 320.00"," 320.00","0"
"1210","20-003099-co"," 198.84"," 198.84","0"
"1211","20-002746-ci"," 410.00"," 410.00","0"
"1212","20-003102-co"," 195.00"," 195.00","0"
"1213","20-003070-co"," 0.90"," 0.90","0"
"1214","20-003078-co"," 198.50"," 198.50","0"
"1215","20-003079-co"," 198.50"," 198.50","0"
"1216","20-003080-co"," 205.00"," 205.00","0"
"1217","20-003083-co"," 205.00"," 205.00","0"
"1218","20-003056-co"," 195.00"," 195.00","0"
"1219","20-003058-co"," 195.00"," 195.00","0"
"1220","20-003059-co"," 205.00"," 205.00","0"
"1221","20-003061-co"," 5.30"," 5.30","0"
"1222","20-003062-co"," 205.00"," 205.00","0"
"1223","20-003063-co"," 198.50"," 198.50","0"
"1224","20-003064-co"," 320.00"," 320.00","0"
"1225","20-003069-co"," 215.00"," 215.00","0"
"1226","20-002688-ci"," 420.00"," 420.00","0"
"1227","20-003048-co"," 195.00"," 195.00","0"
"1228","20-003019-co"," 0.45"," 0.45","0"
"1229","20-003022-co"," 222.50"," 222.50","0"
"1230","20-003023-co"," 195.00"," 195.00","0"
"1231","20-003024-co"," 205.00"," 205.00","0"
"1232","20-003026-co"," 211.30"," 211.30","0"
"1233","20-003027-co"," 195.00"," 195.00","0"
"1234","20-003028-co"," 314.40"," 314.40","0"
"1235","20-003032-co"," 320.00"," 320.00","0"
"1236","20-003033-co"," 205.00"," 205.00","0"
"1237","20-003034-co"," 195.00"," 195.00","0"
"1238","20-003037-co"," 205.00"," 205.00","0"
"1239","20-003038-co"," 330.00"," 330.00","0"
"1240","20-002992-co"," 212.95"," 212.95","0"
"1241","20-002993-co"," 207.66"," 207.66","0"
"1242","20-002994-co"," 200.19"," 200.19","0"
"1243","20-002995-co"," 200.19"," 200.19","0"
"1244","20-002996-co"," 195.69"," 195.69","0"
"1245","20-002998-co"," 197.76"," 197.76","0"
"1246","20-003000-co"," 203.99"," 203.99","0"
"1247","20-003004-co"," 0.00"," 0.00","0"
"1248","20-003006-co"," 310.00"," 310.00","0"
"1249","20-003007-co"," 195.00"," 195.00","0"
"1250","20-003012-co"," 310.00"," 310.00","0"
"1251","20-003014-co"," 310.00"," 310.00","0"
"1252","20-003015-co"," 310.00"," 310.00","0"
